timestamp,t,service,OSS,TES,DSS,BCS,RE,threat_ip,ip_abuse_score,attack_type,scenario,phase,intervention,cpu_pct,latency_ms,error_rate
2026-03-07 10:00:00,0,frontend,0.2594,0.0554,0.1506,0.7,12.49,normal,0.02,none,Auth Brute Force → Payment Cascade,stable,False,21.2,273.0,3.4
2026-03-07 10:00:00,0,checkout_service,0.2638,0.0306,0.2262,0.9,16.7,normal,0.02,none,Auth Brute Force → Payment Cascade,stable,False,20.4,294.0,4.33
2026-03-07 10:00:00,0,payment_service,0.2486,0.0462,0.0878,0.95,14.99,normal,0.02,none,Auth Brute Force → Payment Cascade,stable,False,23.6,137.0,2.22
2026-03-07 10:00:00,0,auth_service,0.2971,0.027,0.0618,0.85,13.94,normal,0.02,none,Auth Brute Force → Payment Cascade,stable,False,28.6,158.0,3.45
2026-03-07 10:00:00,0,cart_service,0.2748,0.0593,0.0655,0.65,10.8,normal,0.02,none,Auth Brute Force → Payment Cascade,stable,False,25.8,173.0,2.82
2026-03-07 10:00:00,0,database,0.2696,0.0223,0.0,0.85,10.8,normal,0.02,none,Auth Brute Force → Payment Cascade,stable,False,24.0,203.0,3.37
2026-03-07 10:01:00,1,frontend,0.303,0.0674,0.1741,0.7,14.47,normal,0.02,none,Auth Brute Force → Payment Cascade,stable,False,32.2,134.0,1.26
2026-03-07 10:01:00,1,checkout_service,0.3735,0.0249,0.2611,0.9,18.99,normal,0.02,none,Auth Brute Force → Payment Cascade,stable,False,39.3,262.0,2.22
2026-03-07 10:01:00,1,payment_service,0.3225,0.0448,0.1003,0.95,16.95,normal,0.02,none,Auth Brute Force → Payment Cascade,stable,False,33.7,188.0,1.49
2026-03-07 10:01:00,1,auth_service,0.2469,0.0531,0.0734,0.85,15.53,normal,0.02,none,Auth Brute Force → Payment Cascade,stable,False,20.7,282.0,2.04
2026-03-07 10:01:00,1,cart_service,0.2847,0.0292,0.0777,0.65,12.32,normal,0.02,none,Auth Brute Force → Payment Cascade,stable,False,26.2,204.0,3.19
2026-03-07 10:01:00,1,database,0.3889,0.0647,0.0,0.85,12.9,normal,0.02,none,Auth Brute Force → Payment Cascade,stable,False,39.4,255.0,4.76
2026-03-07 10:02:00,2,frontend,0.3229,0.0298,0.1981,0.7,16.26,normal,0.02,none,Auth Brute Force → Payment Cascade,stable,False,32.0,284.0,1.35
2026-03-07 10:02:00,2,checkout_service,0.2348,0.0336,0.2947,0.9,20.82,normal,0.02,none,Auth Brute Force → Payment Cascade,stable,False,20.9,165.0,2.55
2026-03-07 10:02:00,2,payment_service,0.3438,0.0471,0.1119,0.95,18.87,normal,0.02,none,Auth Brute Force → Payment Cascade,stable,False,36.6,171.0,2.12
2026-03-07 10:02:00,2,auth_service,0.2542,0.0693,0.0877,0.85,17.14,normal,0.02,none,Auth Brute Force → Payment Cascade,stable,False,22.8,260.0,1.3
2026-03-07 10:02:00,2,cart_service,0.3247,0.0608,0.0929,0.65,14.01,normal,0.02,none,Auth Brute Force → Payment Cascade,stable,False,35.4,140.0,1.02
2026-03-07 10:02:00,2,database,0.3504,0.0237,0.0,0.85,14.55,normal,0.02,none,Auth Brute Force → Payment Cascade,stable,False,34.1,246.0,4.09
2026-03-07 10:03:00,3,frontend,0.2888,0.0512,0.2201,0.7,17.96,normal,0.02,none,Auth Brute Force → Payment Cascade,stable,False,27.2,123.0,4.45
2026-03-07 10:03:00,3,checkout_service,0.2674,0.0363,0.3291,0.9,22.72,normal,0.02,none,Auth Brute Force → Payment Cascade,stable,False,26.6,113.0,2.24
2026-03-07 10:03:00,3,payment_service,0.354,0.0436,0.1234,0.95,20.69,normal,0.02,none,Auth Brute Force → Payment Cascade,stable,False,34.6,228.0,4.55
2026-03-07 10:03:00,3,auth_service,0.2687,0.0481,0.0989,0.85,18.6,normal,0.02,none,Auth Brute Force → Payment Cascade,stable,False,22.4,243.0,4.04
2026-03-07 10:03:00,3,cart_service,0.3461,0.0414,0.1048,0.65,15.59,normal,0.02,none,Auth Brute Force → Payment Cascade,stable,False,35.4,199.0,3.09
2026-03-07 10:03:00,3,database,0.2139,0.0518,0.0,0.85,15.78,normal,0.02,none,Auth Brute Force → Payment Cascade,stable,False,20.5,122.0,1.13
2026-03-07 10:04:00,4,frontend,0.295,0.0325,0.2418,0.7,19.53,normal,0.02,none,Auth Brute Force → Payment Cascade,stable,False,26.3,202.0,4.63
2026-03-07 10:04:00,4,checkout_service,0.2963,0.0238,0.3612,0.9,24.59,normal,0.02,none,Auth Brute Force → Payment Cascade,stable,False,28.2,251.0,1.92
2026-03-07 10:04:00,4,payment_service,0.2822,0.0604,0.1339,0.95,22.25,normal,0.02,none,Auth Brute Force → Payment Cascade,stable,False,25.8,132.0,4.72
2026-03-07 10:04:00,4,auth_service,0.3454,0.0293,0.1073,0.85,20.13,normal,0.02,none,Auth Brute Force → Payment Cascade,stable,False,32.7,274.0,4.21
2026-03-07 10:04:00,4,cart_service,0.3702,0.0648,0.1136,0.65,17.23,normal,0.02,none,Auth Brute Force → Payment Cascade,stable,False,37.9,208.0,4.23
2026-03-07 10:04:00,4,database,0.2644,0.0414,0.0,0.85,17.01,normal,0.02,none,Auth Brute Force → Payment Cascade,stable,False,26.4,122.0,1.91
2026-03-07 10:05:00,5,frontend,0.3484,0.0455,0.2638,0.7,21.26,normal,0.02,none,Auth Brute Force → Payment Cascade,stable,False,36.4,272.0,1.03
2026-03-07 10:05:00,5,checkout_service,0.279,0.0369,0.3921,0.9,26.42,normal,0.02,none,Auth Brute Force → Payment Cascade,stable,False,28.3,144.0,1.48
2026-03-07 10:05:00,5,payment_service,0.3638,0.0552,0.1449,0.95,23.93,normal,0.02,none,Auth Brute Force → Payment Cascade,stable,False,38.9,165.0,3.08
2026-03-07 10:05:00,5,auth_service,0.3162,0.0326,0.1157,0.85,21.48,normal,0.02,none,Auth Brute Force → Payment Cascade,stable,False,27.3,294.0,4.85
2026-03-07 10:05:00,5,cart_service,0.2973,0.0218,0.1225,0.65,18.38,normal,0.02,none,Auth Brute Force → Payment Cascade,stable,False,29.9,160.0,2.14
2026-03-07 10:05:00,5,database,0.3121,0.0339,0.0,0.85,18.26,normal,0.02,none,Auth Brute Force → Payment Cascade,stable,False,32.2,201.0,1.21
2026-03-07 10:06:00,6,frontend,0.3476,0.0445,0.2825,0.7,22.89,normal,0.02,none,Auth Brute Force → Payment Cascade,stable,False,38.2,148.0,1.58
2026-03-07 10:06:00,6,checkout_service,0.371,0.0581,0.4198,0.9,28.54,normal,0.02,none,Auth Brute Force → Payment Cascade,stable,False,39.7,148.0,3.69
2026-03-07 10:06:00,6,payment_service,0.2748,0.0516,0.1546,0.95,25.23,normal,0.02,none,Auth Brute Force → Payment Cascade,stable,False,24.8,246.0,2.47
2026-03-07 10:06:00,6,auth_service,0.3173,0.0618,0.1242,0.85,22.87,normal,0.02,none,Auth Brute Force → Payment Cascade,stable,False,32.7,207.0,1.36
2026-03-07 10:06:00,6,cart_service,0.2616,0.0495,0.1315,0.65,19.46,normal,0.02,none,Auth Brute Force → Payment Cascade,stable,False,26.4,137.0,1.16
2026-03-07 10:06:00,6,database,0.3207,0.0313,0.0,0.85,19.42,normal,0.02,none,Auth Brute Force → Payment Cascade,stable,False,33.6,103.0,3.05
2026-03-07 10:07:00,7,frontend,0.3254,0.0393,0.3031,0.7,24.37,normal,0.02,none,Auth Brute Force → Payment Cascade,stable,False,32.9,135.0,3.76
2026-03-07 10:07:00,7,checkout_service,0.3537,0.0257,0.4444,0.9,30.38,normal,0.02,none,Auth Brute Force → Payment Cascade,stable,False,38.7,128.0,2.36
2026-03-07 10:07:00,7,payment_service,0.3689,0.053,0.1647,0.95,26.75,normal,0.02,none,Auth Brute Force → Payment Cascade,stable,False,38.5,275.0,2.03
2026-03-07 10:07:00,7,auth_service,0.3539,0.0321,0.1321,0.85,24.17,normal,0.02,none,Auth Brute Force → Payment Cascade,stable,False,36.3,211.0,3.12
2026-03-07 10:07:00,7,cart_service,0.2742,0.0517,0.1398,0.65,20.54,normal,0.02,none,Auth Brute Force → Payment Cascade,stable,False,21.9,279.0,4.6
2026-03-07 10:07:00,7,database,0.2888,0.0649,0.0,0.85,20.54,normal,0.02,none,Auth Brute Force → Payment Cascade,stable,False,26.8,170.0,3.9
2026-03-07 10:08:00,8,frontend,0.3714,0.0242,0.3216,0.7,25.86,normal,0.02,none,Auth Brute Force → Payment Cascade,stable,False,37.7,256.0,3.57
2026-03-07 10:08:00,8,checkout_service,0.2757,0.0205,0.4701,0.9,31.89,normal,0.02,none,Auth Brute Force → Payment Cascade,stable,False,23.2,280.0,3.43
2026-03-07 10:08:00,8,payment_service,0.242,0.028,0.174,0.95,27.68,normal,0.02,none,Auth Brute Force → Payment Cascade,stable,False,22.0,233.0,1.02
2026-03-07 10:08:00,8,auth_service,0.3253,0.0312,0.1396,0.85,25.29,normal,0.02,none,Auth Brute Force → Payment Cascade,stable,False,31.0,238.0,3.61
2026-03-07 10:08:00,8,cart_service,0.3263,0.0573,0.1479,0.65,21.73,normal,0.02,none,Auth Brute Force → Payment Cascade,stable,False,34.2,147.0,2.3
2026-03-07 10:08:00,8,database,0.3431,0.0484,0.0,0.85,21.66,normal,0.02,none,Auth Brute Force → Payment Cascade,stable,False,33.0,270.0,3.63
2026-03-07 10:09:00,9,frontend,0.2397,0.0322,0.3385,0.7,26.92,normal,0.02,none,Auth Brute Force → Payment Cascade,stable,False,21.9,174.0,2.06
2026-03-07 10:09:00,9,checkout_service,0.3787,0.0516,0.4911,0.9,33.79,normal,0.02,none,Auth Brute Force → Payment Cascade,stable,False,39.5,179.0,4.57
2026-03-07 10:09:00,9,payment_service,0.3509,0.0446,0.1821,0.95,28.97,normal,0.02,none,Auth Brute Force → Payment Cascade,stable,False,35.9,201.0,3.31
2026-03-07 10:09:00,9,auth_service,0.2659,0.0212,0.1473,0.85,26.12,normal,0.02,none,Auth Brute Force → Payment Cascade,stable,False,23.9,244.0,2.12
2026-03-07 10:09:00,9,cart_service,0.3322,0.0677,0.1559,0.65,22.91,normal,0.02,none,Auth Brute Force → Payment Cascade,stable,False,32.9,135.0,4.76
2026-03-07 10:09:00,9,database,0.3484,0.0664,0.0,0.85,22.78,normal,0.02,none,Auth Brute Force → Payment Cascade,stable,False,38.3,174.0,1.06
2026-03-07 10:10:00,10,frontend,0.3249,0.0627,0.358,0.7,28.34,normal,0.02,none,Auth Brute Force → Payment Cascade,attack,False,28.6,293.0,4.85
2026-03-07 10:10:00,10,checkout_service,0.287,0.0358,0.513,0.9,35.25,normal,0.02,none,Auth Brute Force → Payment Cascade,attack,False,25.9,177.0,4.4
2026-03-07 10:10:00,10,payment_service,0.2765,0.0548,0.1881,0.95,29.98,normal,0.02,none,Auth Brute Force → Payment Cascade,attack,False,23.4,211.0,4.74
2026-03-07 10:10:00,10,auth_service,0.8707,0.7827,0.1549,0.85,31.93,185.220.101.45,0.92,Brute Force + Credential Stuffing,Auth Brute Force → Payment Cascade,attack,False,92.4,2936.0,53.45
2026-03-07 10:10:00,10,cart_service,0.3651,0.0639,0.164,0.65,24.1,normal,0.02,none,Auth Brute Force → Payment Cascade,attack,False,39.8,128.0,3.07
2026-03-07 10:10:00,10,database,0.3522,0.038,0.0,0.85,23.7,normal,0.02,none,Auth Brute Force → Payment Cascade,attack,False,34.8,239.0,3.81
2026-03-07 10:11:00,11,frontend,0.2978,0.0634,0.3747,0.7,29.62,normal,0.02,none,Auth Brute Force → Payment Cascade,attack,False,25.9,262.0,4.24
2026-03-07 10:11:00,11,checkout_service,0.3644,0.0599,0.5609,0.9,37.08,normal,0.02,none,Auth Brute Force → Payment Cascade,attack,False,38.3,202.0,3.01
2026-03-07 10:11:00,11,payment_service,0.3429,0.0645,0.2299,0.95,31.28,normal,0.02,none,Auth Brute Force → Payment Cascade,attack,False,33.0,240.0,4.18
2026-03-07 10:11:00,11,auth_service,0.8582,0.8293,0.1612,0.85,37.45,185.220.101.45,0.92,Brute Force + Credential Stuffing,Auth Brute Force → Payment Cascade,attack,False,91.0,3326.0,37.82
2026-03-07 10:11:00,11,cart_service,0.3063,0.0471,0.1707,0.65,24.97,normal,0.02,none,Auth Brute Force → Payment Cascade,attack,False,31.6,107.0,2.86
2026-03-07 10:11:00,11,database,0.2681,0.0219,0.0,0.85,24.23,normal,0.02,none,Auth Brute Force → Payment Cascade,attack,False,25.7,218.0,1.12
2026-03-07 10:12:00,12,frontend,0.339,0.0461,0.392,0.7,30.89,normal,0.02,none,Auth Brute Force → Payment Cascade,attack,False,36.5,172.0,1.51
2026-03-07 10:12:00,12,checkout_service,0.3413,0.0243,0.6073,0.9,38.68,normal,0.02,none,Auth Brute Force → Payment Cascade,attack,False,35.4,143.0,3.49
2026-03-07 10:12:00,12,payment_service,0.2466,0.0519,0.2696,0.95,32.26,normal,0.02,none,Auth Brute Force → Payment Cascade,attack,False,21.0,206.0,3.16
2026-03-07 10:12:00,12,auth_service,0.8969,1.0,0.1648,0.85,43.37,185.220.101.45,0.92,Brute Force + Credential Stuffing,Auth Brute Force → Payment Cascade,attack,False,93.4,4166.0,50.49
2026-03-07 10:12:00,12,cart_service,0.2863,0.0419,0.1745,0.65,25.7,normal,0.02,none,Auth Brute Force → Payment Cascade,attack,False,26.5,259.0,2.08
2026-03-07 10:12:00,12,database,0.2481,0.0618,0.0,0.85,24.83,normal,0.02,none,Auth Brute Force → Payment Cascade,attack,False,21.6,105.0,4.85
2026-03-07 10:13:00,13,frontend,0.3246,0.0278,0.407,0.7,31.99,normal,0.02,none,Auth Brute Force → Payment Cascade,attack,False,33.9,182.0,1.69
2026-03-07 10:13:00,13,checkout_service,0.2815,0.053,0.6525,0.9,40.23,normal,0.02,none,Auth Brute Force → Payment Cascade,attack,False,25.0,210.0,3.86
2026-03-07 10:13:00,13,payment_service,0.2979,0.0477,0.3122,0.95,33.42,normal,0.02,none,Auth Brute Force → Payment Cascade,attack,False,25.6,291.0,3.95
2026-03-07 10:13:00,13,auth_service,0.8685,1.0,0.1688,0.85,48.74,185.220.101.45,0.92,Brute Force + Credential Stuffing,Auth Brute Force → Payment Cascade,attack,False,92.7,3387.0,42.43
2026-03-07 10:13:00,13,cart_service,0.2826,0.0258,0.1788,0.65,26.31,normal,0.02,none,Auth Brute Force → Payment Cascade,attack,False,27.1,252.0,1.06
2026-03-07 10:13:00,13,database,0.2405,0.0552,0.0,0.85,25.32,normal,0.02,none,Auth Brute Force → Payment Cascade,attack,False,20.9,108.0,4.42
2026-03-07 10:14:00,14,frontend,0.2942,0.0437,0.4209,0.7,33.02,normal,0.02,none,Auth Brute Force → Payment Cascade,attack,False,29.5,120.0,2.97
2026-03-07 10:14:00,14,checkout_service,0.2577,0.0508,0.6953,0.9,41.71,normal,0.02,none,Auth Brute Force → Payment Cascade,attack,False,23.5,187.0,2.59
2026-03-07 10:14:00,14,payment_service,0.3119,0.0513,0.3509,0.95,34.66,normal,0.02,none,Auth Brute Force → Payment Cascade,attack,False,32.7,109.0,2.5
2026-03-07 10:14:00,14,auth_service,0.8964,1.0,0.1722,0.85,53.77,185.220.101.45,0.92,Brute Force + Credential Stuffing,Auth Brute Force → Payment Cascade,attack,False,92.0,3999.0,54.76
2026-03-07 10:14:00,14,cart_service,0.2526,0.0213,0.1823,0.65,26.77,normal,0.02,none,Auth Brute Force → Payment Cascade,attack,False,23.3,114.0,3.57
2026-03-07 10:14:00,14,database,0.3349,0.0394,0.0,0.85,26.0,normal,0.02,none,Auth Brute Force → Payment Cascade,attack,False,31.7,288.0,3.3
2026-03-07 10:15:00,15,frontend,0.3289,0.0671,0.4335,0.7,34.21,normal,0.02,none,Auth Brute Force → Payment Cascade,attack,False,32.9,192.0,3.18
2026-03-07 10:15:00,15,checkout_service,0.3174,0.0298,0.7359,0.9,43.27,normal,0.02,none,Auth Brute Force → Payment Cascade,attack,False,27.7,292.0,4.62
2026-03-07 10:15:00,15,payment_service,0.2201,0.0247,0.3872,0.95,35.52,normal,0.02,none,Auth Brute Force → Payment Cascade,attack,False,21.4,120.0,1.07
2026-03-07 10:15:00,15,auth_service,0.8587,1.0,0.1768,0.85,58.31,185.220.101.45,0.92,Brute Force + Credential Stuffing,Auth Brute Force → Payment Cascade,attack,False,93.1,2900.0,44.57
2026-03-07 10:15:00,15,cart_service,0.3511,0.0341,0.1872,0.65,27.55,normal,0.02,none,Auth Brute Force → Payment Cascade,attack,False,36.9,105.0,4.26
2026-03-07 10:15:00,15,database,0.2641,0.0639,0.0,0.85,26.51,normal,0.02,none,Auth Brute Force → Payment Cascade,attack,False,22.4,239.0,3.52
2026-03-07 10:16:00,16,frontend,0.3432,0.0289,0.4486,0.7,35.23,normal,0.02,none,Auth Brute Force → Payment Cascade,attack,False,34.7,261.0,2.13
2026-03-07 10:16:00,16,checkout_service,0.3637,0.0406,0.7728,0.9,45.01,normal,0.02,none,Auth Brute Force → Payment Cascade,attack,False,35.0,261.0,4.96
2026-03-07 10:16:00,16,payment_service,0.2947,0.0665,0.4198,0.95,36.81,normal,0.02,none,Auth Brute Force → Payment Cascade,attack,False,27.4,255.0,2.36
2026-03-07 10:16:00,16,auth_service,0.8889,1.0,0.1803,0.85,62.58,185.220.101.45,0.92,Brute Force + Credential Stuffing,Auth Brute Force → Payment Cascade,attack,False,94.2,3401.0,57.53
2026-03-07 10:16:00,16,cart_service,0.3437,0.0453,0.1909,0.65,28.31,normal,0.02,none,Auth Brute Force → Payment Cascade,attack,False,35.1,121.0,4.61
2026-03-07 10:16:00,16,database,0.3585,0.0395,0.0,0.85,27.16,normal,0.02,none,Auth Brute Force → Payment Cascade,attack,False,36.5,164.0,4.58
2026-03-07 10:17:00,17,frontend,0.2382,0.036,0.4646,0.7,35.93,normal,0.02,none,Auth Brute Force → Payment Cascade,attack,False,20.2,281.0,1.37
2026-03-07 10:17:00,17,checkout_service,0.3818,0.0516,0.8114,0.9,46.83,normal,0.02,none,Auth Brute Force → Payment Cascade,attack,False,39.0,290.0,3.29
2026-03-07 10:17:00,17,payment_service,0.2915,0.0536,0.4506,0.95,38.03,normal,0.02,none,Auth Brute Force → Payment Cascade,attack,False,29.0,159.0,2.31
2026-03-07 10:17:00,17,auth_service,0.9001,1.0,0.1847,0.85,66.56,185.220.101.45,0.92,Brute Force + Credential Stuffing,Auth Brute Force → Payment Cascade,attack,False,93.5,3908.0,58.69
2026-03-07 10:17:00,17,cart_service,0.2369,0.0475,0.1955,0.65,28.72,normal,0.02,none,Auth Brute Force → Payment Cascade,attack,False,21.8,199.0,1.23
2026-03-07 10:17:00,17,database,0.3078,0.0259,0.0,0.85,27.55,normal,0.02,none,Auth Brute Force → Payment Cascade,attack,False,28.8,278.0,2.4
2026-03-07 10:18:00,18,frontend,0.2693,0.0251,0.4792,0.7,36.67,normal,0.02,none,Auth Brute Force → Payment Cascade,attack,False,22.9,252.0,3.47
2026-03-07 10:18:00,18,checkout_service,0.2425,0.0611,0.8455,0.9,48.22,normal,0.02,none,Auth Brute Force → Payment Cascade,attack,False,21.7,240.0,1.29
2026-03-07 10:18:00,18,payment_service,0.3147,0.0693,0.4792,0.95,39.37,normal,0.02,none,Auth Brute Force → Payment Cascade,attack,False,34.1,116.0,1.34
2026-03-07 10:18:00,18,auth_service,0.8858,1.0,0.1873,0.85,70.18,185.220.101.45,0.92,Brute Force + Credential Stuffing,Auth Brute Force → Payment Cascade,attack,False,91.2,3319.0,59.38
2026-03-07 10:18:00,18,cart_service,0.3868,0.0388,0.1984,0.65,29.51,normal,0.02,none,Auth Brute Force → Payment Cascade,attack,False,38.9,297.0,4.01
2026-03-07 10:18:00,18,database,0.2593,0.0412,0.0,0.85,27.83,normal,0.02,none,Auth Brute Force → Payment Cascade,attack,False,21.7,255.0,3.23
2026-03-07 10:19:00,19,frontend,0.353,0.0206,0.4931,0.7,37.62,normal,0.02,none,Auth Brute Force → Payment Cascade,attack,False,38.1,122.0,2.97
2026-03-07 10:19:00,19,checkout_service,0.2816,0.0259,0.8811,0.9,49.58,normal,0.02,none,Auth Brute Force → Payment Cascade,attack,False,29.4,111.0,1.48
2026-03-07 10:19:00,19,payment_service,0.3384,0.0681,0.5053,0.95,40.75,normal,0.02,none,Auth Brute Force → Payment Cascade,attack,False,33.0,249.0,3.33
2026-03-07 10:19:00,19,auth_service,0.885,1.0,0.1892,0.85,73.52,185.220.101.45,0.92,Brute Force + Credential Stuffing,Auth Brute Force → Payment Cascade,attack,False,91.2,3200.0,61.06
2026-03-07 10:19:00,19,cart_service,0.2693,0.0685,0.2003,0.65,30.01,normal,0.02,none,Auth Brute Force → Payment Cascade,attack,False,24.5,293.0,1.05
2026-03-07 10:19:00,19,database,0.2558,0.0696,0.0,0.85,28.19,normal,0.02,none,Auth Brute Force → Payment Cascade,attack,False,20.9,278.0,3.11
2026-03-07 10:20:00,20,frontend,0.2634,0.0462,0.5052,0.7,38.37,normal,0.02,none,Auth Brute Force → Payment Cascade,attack,False,21.5,211.0,4.88
2026-03-07 10:20:00,20,checkout_service,0.3309,0.0514,0.9135,0.9,51.18,normal,0.02,none,Auth Brute Force → Payment Cascade,attack,False,32.6,239.0,2.82
2026-03-07 10:20:00,20,payment_service,0.3194,0.034,0.5294,0.95,41.89,normal,0.02,none,Auth Brute Force → Payment Cascade,attack,False,31.7,280.0,1.18
2026-03-07 10:20:00,20,auth_service,0.8939,1.0,0.1917,0.85,76.63,185.220.101.45,0.92,Brute Force + Credential Stuffing,Auth Brute Force → Payment Cascade,attack,False,94.7,4046.0,48.67
2026-03-07 10:20:00,20,cart_service,0.3111,0.0432,0.203,0.65,30.51,normal,0.02,none,Auth Brute Force → Payment Cascade,attack,False,32.4,155.0,1.75
2026-03-07 10:20:00,20,database,0.279,0.0687,0.0,0.85,28.59,normal,0.02,none,Auth Brute Force → Payment Cascade,attack,False,27.1,217.0,1.31
2026-03-07 10:21:00,21,frontend,0.3791,0.0355,0.5189,0.7,39.4,normal,0.02,none,Auth Brute Force → Payment Cascade,attack,False,39.7,240.0,3.14
2026-03-07 10:21:00,21,checkout_service,0.3473,0.0655,0.9427,0.9,52.85,normal,0.02,none,Auth Brute Force → Payment Cascade,attack,False,36.3,237.0,1.65
2026-03-07 10:21:00,21,payment_service,0.3697,0.0507,0.5517,0.95,43.22,normal,0.02,none,Auth Brute Force → Payment Cascade,attack,False,36.5,290.0,3.9
2026-03-07 10:21:00,21,auth_service,0.9043,1.0,0.1944,0.85,79.52,185.220.101.45,0.92,Brute Force + Credential Stuffing,Auth Brute Force → Payment Cascade,attack,False,91.5,4106.0,60.98
2026-03-07 10:21:00,21,cart_service,0.2252,0.0605,0.2058,0.65,30.78,normal,0.02,none,Auth Brute Force → Payment Cascade,attack,False,20.9,105.0,2.51
2026-03-07 10:21:00,21,database,0.367,0.039,0.0,0.85,29.1,normal,0.02,none,Auth Brute Force → Payment Cascade,attack,False,39.7,130.0,3.38
2026-03-07 10:22:00,22,frontend,0.3881,0.0434,0.5318,0.7,40.45,normal,0.02,none,Auth Brute Force → Payment Cascade,attack,False,39.4,268.0,4.35
2026-03-07 10:22:00,22,checkout_service,0.2783,0.0632,0.9708,0.9,54.26,normal,0.02,none,Auth Brute Force → Payment Cascade,attack,False,28.3,155.0,1.23
2026-03-07 10:22:00,22,payment_service,0.3765,0.0478,0.5726,0.95,44.52,normal,0.02,none,Auth Brute Force → Payment Cascade,attack,False,36.3,300.0,4.99
2026-03-07 10:22:00,22,auth_service,0.9061,1.0,0.1979,0.85,82.2,185.220.101.45,0.92,Brute Force + Credential Stuffing,Auth Brute Force → Payment Cascade,attack,False,93.6,4123.0,60.49
2026-03-07 10:22:00,22,cart_service,0.2611,0.0677,0.2095,0.65,31.19,normal,0.02,none,Auth Brute Force → Payment Cascade,attack,False,24.9,190.0,1.52
2026-03-07 10:22:00,22,database,0.3211,0.0509,0.0,0.85,29.48,normal,0.02,none,Auth Brute Force → Payment Cascade,attack,False,32.1,146.0,3.69
2026-03-07 10:23:00,23,frontend,0.2833,0.046,0.5436,0.7,41.15,normal,0.02,none,Auth Brute Force → Payment Cascade,attack,False,27.2,123.0,3.69
2026-03-07 10:23:00,23,checkout_service,0.3555,0.0476,0.9983,0.9,55.8,normal,0.02,none,Auth Brute Force → Payment Cascade,attack,False,35.4,204.0,4.41
2026-03-07 10:23:00,23,payment_service,0.3252,0.0267,0.5919,0.95,45.53,normal,0.02,none,Auth Brute Force → Payment Cascade,attack,False,31.2,275.0,2.61
2026-03-07 10:23:00,23,auth_service,0.8891,1.0,0.2004,0.85,84.63,185.220.101.45,0.92,Brute Force + Credential Stuffing,Auth Brute Force → Payment Cascade,attack,False,89.2,3857.0,53.61
2026-03-07 10:23:00,23,cart_service,0.3194,0.0207,0.2122,0.65,31.54,normal,0.02,none,Auth Brute Force → Payment Cascade,attack,False,34.1,143.0,1.55
2026-03-07 10:23:00,23,database,0.2878,0.0419,0.0,0.85,29.69,normal,0.02,none,Auth Brute Force → Payment Cascade,attack,False,27.0,218.0,2.57
2026-03-07 10:24:00,24,frontend,0.3594,0.0592,0.5561,0.7,42.11,normal,0.02,none,Auth Brute Force → Payment Cascade,attack,False,38.1,170.0,3.06
2026-03-07 10:24:00,24,checkout_service,0.3084,0.0675,1.0,0.9,57.16,normal,0.02,none,Auth Brute Force → Payment Cascade,attack,False,27.9,224.0,4.45
2026-03-07 10:24:00,24,payment_service,0.2711,0.0329,0.6093,0.95,46.38,normal,0.02,none,Auth Brute Force → Payment Cascade,attack,False,22.9,285.0,2.97
2026-03-07 10:24:00,24,auth_service,0.8946,1.0,0.2019,0.85,86.87,185.220.101.45,0.92,Brute Force + Credential Stuffing,Auth Brute Force → Payment Cascade,attack,False,91.8,4172.0,49.78
2026-03-07 10:24:00,24,cart_service,0.2816,0.0238,0.2138,0.65,31.78,normal,0.02,none,Auth Brute Force → Payment Cascade,attack,False,26.6,227.0,1.96
2026-03-07 10:24:00,24,database,0.2343,0.0269,0.0,0.85,29.66,normal,0.02,none,Auth Brute Force → Payment Cascade,attack,False,22.6,126.0,1.61
2026-03-07 10:25:00,25,frontend,0.3156,0.0648,0.5667,0.7,42.92,normal,0.02,none,Auth Brute Force → Payment Cascade,attack,False,32.8,136.0,2.38
2026-03-07 10:25:00,25,checkout_service,0.3012,0.0296,1.0,0.9,58.24,normal,0.02,none,Auth Brute Force → Payment Cascade,attack,False,29.5,234.0,1.69
2026-03-07 10:25:00,25,payment_service,0.2259,0.0289,0.6255,0.95,47.06,normal,0.02,none,Auth Brute Force → Payment Cascade,attack,False,20.8,134.0,2.11
2026-03-07 10:25:00,25,auth_service,0.8616,1.0,0.2017,0.85,88.84,185.220.101.45,0.92,Brute Force + Credential Stuffing,Auth Brute Force → Payment Cascade,attack,False,89.5,2969.0,48.82
2026-03-07 10:25:00,25,cart_service,0.2636,0.0545,0.2135,0.65,32.06,normal,0.02,none,Auth Brute Force → Payment Cascade,attack,False,24.1,173.0,3.01
2026-03-07 10:25:00,25,database,0.2554,0.0241,0.0,0.85,29.68,normal,0.02,none,Auth Brute Force → Payment Cascade,attack,False,20.8,260.0,3.51
2026-03-07 10:26:00,26,frontend,0.3585,0.0338,0.5756,0.7,43.69,normal,0.02,none,Auth Brute Force → Payment Cascade,attack,False,37.5,284.0,1.24
2026-03-07 10:26:00,26,checkout_service,0.3485,0.0305,1.0,0.9,59.37,normal,0.02,none,Auth Brute Force → Payment Cascade,attack,False,36.1,250.0,1.74
2026-03-07 10:26:00,26,payment_service,0.294,0.0384,0.6397,0.95,47.96,normal,0.02,none,Auth Brute Force → Payment Cascade,attack,False,27.4,197.0,3.47
2026-03-07 10:26:00,26,auth_service,0.871,1.0,0.2019,0.85,90.69,185.220.101.45,0.92,Brute Force + Credential Stuffing,Auth Brute Force → Payment Cascade,attack,False,91.8,3846.0,36.1
2026-03-07 10:26:00,26,cart_service,0.2917,0.0456,0.2137,0.65,32.38,normal,0.02,none,Auth Brute Force → Payment Cascade,attack,False,25.0,243.0,4.58
2026-03-07 10:26:00,26,database,0.3014,0.0466,0.0,0.85,29.94,normal,0.02,none,Auth Brute Force → Payment Cascade,attack,False,30.6,121.0,2.79
2026-03-07 10:27:00,27,frontend,0.2624,0.021,0.585,0.7,44.09,normal,0.02,none,Auth Brute Force → Payment Cascade,attack,False,24.8,154.0,2.51
2026-03-07 10:27:00,27,checkout_service,0.2709,0.026,1.0,0.9,60.17,normal,0.02,none,Auth Brute Force → Payment Cascade,attack,False,26.4,142.0,2.31
2026-03-07 10:27:00,27,payment_service,0.3681,0.0595,0.6529,0.95,49.15,normal,0.02,none,Auth Brute Force → Payment Cascade,attack,False,37.8,219.0,3.72
2026-03-07 10:27:00,27,auth_service,0.8667,1.0,0.2036,0.85,92.37,185.220.101.45,0.92,Brute Force + Credential Stuffing,Auth Brute Force → Payment Cascade,attack,False,92.0,2922.0,51.11
2026-03-07 10:27:00,27,cart_service,0.326,0.0264,0.2156,0.65,32.69,normal,0.02,none,Auth Brute Force → Payment Cascade,attack,False,31.7,249.0,2.73
2026-03-07 10:27:00,27,database,0.279,0.0485,0.0,0.85,30.11,normal,0.02,none,Auth Brute Force → Payment Cascade,attack,False,25.7,173.0,3.58
2026-03-07 10:28:00,28,frontend,0.3057,0.0319,0.5922,0.7,44.65,normal,0.02,none,Auth Brute Force → Payment Cascade,attack,False,27.1,297.0,3.42
2026-03-07 10:28:00,28,checkout_service,0.2338,0.028,1.0,0.9,60.79,normal,0.02,none,Auth Brute Force → Payment Cascade,attack,False,22.0,131.0,1.98
2026-03-07 10:28:00,28,payment_service,0.2485,0.0648,0.6651,0.95,49.94,normal,0.02,none,Auth Brute Force → Payment Cascade,attack,False,23.7,157.0,1.69
2026-03-07 10:28:00,28,auth_service,0.8744,1.0,0.2048,0.85,93.95,185.220.101.45,0.92,Brute Force + Credential Stuffing,Auth Brute Force → Payment Cascade,attack,False,89.5,3534.0,47.31
2026-03-07 10:28:00,28,cart_service,0.3604,0.0685,0.2168,0.65,33.27,normal,0.02,none,Auth Brute Force → Payment Cascade,attack,False,39.6,122.0,2.59
2026-03-07 10:28:00,28,database,0.3599,0.0285,0.0,0.85,30.44,normal,0.02,none,Auth Brute Force → Payment Cascade,attack,False,37.3,263.0,2.03
2026-03-07 10:29:00,29,frontend,0.345,0.0486,0.5997,0.7,45.38,normal,0.02,none,Auth Brute Force → Payment Cascade,attack,False,33.4,286.0,3.23
2026-03-07 10:29:00,29,checkout_service,0.2769,0.0362,1.0,0.9,61.53,normal,0.02,none,Auth Brute Force → Payment Cascade,attack,False,25.6,254.0,1.75
2026-03-07 10:29:00,29,payment_service,0.2918,0.0257,0.6764,0.95,50.67,normal,0.02,none,Auth Brute Force → Payment Cascade,attack,False,28.5,202.0,1.97
2026-03-07 10:29:00,29,auth_service,0.8765,1.0,0.207,0.85,95.41,185.220.101.45,0.92,Brute Force + Credential Stuffing,Auth Brute Force → Payment Cascade,attack,False,92.7,3204.0,52.44
2026-03-07 10:29:00,29,cart_service,0.2602,0.0226,0.2191,0.65,33.31,normal,0.02,none,Auth Brute Force → Payment Cascade,attack,False,23.1,196.0,3.13
2026-03-07 10:29:00,29,database,0.263,0.0695,0.0,0.85,30.61,normal,0.02,none,Auth Brute Force → Payment Cascade,attack,False,26.7,127.0,1.25
2026-03-07 10:30:00,30,frontend,0.2861,0.0541,0.6049,0.7,45.91,normal,0.02,none,Auth Brute Force → Payment Cascade,attack,False,26.4,262.0,2.02
2026-03-07 10:30:00,30,checkout_service,0.3461,0.0406,1.0,0.9,62.44,normal,0.02,none,Auth Brute Force → Payment Cascade,attack,False,35.2,219.0,2.89
2026-03-07 10:30:00,30,payment_service,0.3094,0.0683,0.687,0.95,51.6,normal,0.02,none,Auth Brute Force → Payment Cascade,attack,False,27.0,286.0,4.32
2026-03-07 10:30:00,30,auth_service,0.8991,1.0,0.2082,0.85,96.83,185.220.101.45,0.92,Brute Force + Credential Stuffing,Auth Brute Force → Payment Cascade,attack,False,89.7,3823.0,63.15
2026-03-07 10:30:00,30,cart_service,0.2581,0.0487,0.2204,0.65,33.45,normal,0.02,none,Auth Brute Force → Payment Cascade,attack,False,23.6,113.0,3.96
2026-03-07 10:30:00,30,database,0.3532,0.0301,0.0,0.85,30.88,normal,0.02,none,Auth Brute Force → Payment Cascade,attack,False,36.8,128.0,4.18
2026-03-07 10:31:00,31,frontend,0.2606,0.0533,0.6119,0.7,46.33,normal,0.02,none,Auth Brute Force → Payment Cascade,attack,False,23.3,133.0,4.26
2026-03-07 10:31:00,31,checkout_service,0.3189,0.0396,1.0,0.9,63.19,normal,0.02,none,Auth Brute Force → Payment Cascade,attack,False,30.5,172.0,4.51
2026-03-07 10:31:00,31,payment_service,0.3469,0.0431,0.6972,0.95,52.5,normal,0.02,none,Auth Brute Force → Payment Cascade,attack,False,36.3,188.0,2.51
2026-03-07 10:31:00,31,auth_service,0.8868,1.0,0.21,0.85,98.11,185.220.101.45,0.92,Brute Force + Credential Stuffing,Auth Brute Force → Payment Cascade,attack,False,90.8,3847.0,50.08
2026-03-07 10:31:00,31,cart_service,0.2795,0.0472,0.2223,0.65,33.65,normal,0.02,none,Auth Brute Force → Payment Cascade,attack,False,24.6,280.0,2.54
2026-03-07 10:31:00,31,database,0.3566,0.067,0.0,0.85,31.29,normal,0.02,none,Auth Brute Force → Payment Cascade,attack,False,38.1,225.0,1.47
2026-03-07 10:32:00,32,frontend,0.3124,0.0597,0.6181,0.7,46.93,normal,0.02,none,Auth Brute Force → Payment Cascade,attack,False,32.6,167.0,1.56
2026-03-07 10:32:00,32,checkout_service,0.3371,0.0594,1.0,0.9,64.01,normal,0.02,none,Auth Brute Force → Payment Cascade,attack,False,32.4,207.0,4.58
2026-03-07 10:32:00,32,payment_service,0.2463,0.0572,0.7064,0.95,53.1,normal,0.02,none,Auth Brute Force → Payment Cascade,attack,False,23.0,162.0,1.99
2026-03-07 10:32:00,32,auth_service,0.8881,1.0,0.2128,0.85,99.29,185.220.101.45,0.92,Brute Force + Credential Stuffing,Auth Brute Force → Payment Cascade,attack,False,89.2,3598.0,57.87
2026-03-07 10:32:00,32,cart_service,0.3636,0.0255,0.2253,0.65,34.0,normal,0.02,none,Auth Brute Force → Payment Cascade,attack,False,37.5,168.0,4.29
2026-03-07 10:32:00,32,database,0.3431,0.0599,0.0,0.85,31.6,normal,0.02,none,Auth Brute Force → Payment Cascade,attack,False,36.9,125.0,2.59
2026-03-07 10:33:00,33,frontend,0.2577,0.056,0.6257,0.7,47.32,normal,0.02,none,Auth Brute Force → Payment Cascade,attack,False,23.0,146.0,3.89
2026-03-07 10:33:00,33,checkout_service,0.3348,0.0326,1.0,0.9,64.65,normal,0.02,none,Auth Brute Force → Payment Cascade,attack,False,32.8,239.0,3.17
2026-03-07 10:33:00,33,payment_service,0.2902,0.0492,0.7149,0.95,53.79,normal,0.02,none,Auth Brute Force → Payment Cascade,attack,False,26.9,136.0,4.63
2026-03-07 10:33:00,33,auth_service,0.8933,1.0,0.2149,0.85,100.0,185.220.101.45,0.92,Brute Force + Credential Stuffing,Auth Brute Force → Payment Cascade,attack,False,91.4,3447.0,63.42
2026-03-07 10:33:00,33,cart_service,0.2624,0.0506,0.2275,0.65,34.13,normal,0.02,none,Auth Brute Force → Payment Cascade,attack,False,23.1,217.0,3.02
2026-03-07 10:33:00,33,database,0.2635,0.0483,0.0,0.85,31.59,normal,0.02,none,Auth Brute Force → Payment Cascade,attack,False,20.4,274.0,4.73
2026-03-07 10:34:00,34,frontend,0.3524,0.0276,0.6308,0.7,47.86,normal,0.02,none,Auth Brute Force → Payment Cascade,attack,False,33.9,284.0,3.83
2026-03-07 10:34:00,34,checkout_service,0.3206,0.0568,1.0,0.9,65.3,normal,0.02,none,Auth Brute Force → Payment Cascade,attack,False,31.5,221.0,2.7
2026-03-07 10:34:00,34,payment_service,0.3762,0.0257,0.72,0.95,54.59,normal,0.02,none,Auth Brute Force → Payment Cascade,attack,False,38.7,285.0,2.8
2026-03-07 10:34:00,34,auth_service,0.8813,1.0,0.2148,0.85,100.0,185.220.101.45,0.92,Brute Force + Credential Stuffing,Auth Brute Force → Payment Cascade,attack,False,94.9,3974.0,38.74
2026-03-07 10:34:00,34,cart_service,0.3748,0.0496,0.2275,0.65,34.59,normal,0.02,none,Auth Brute Force → Payment Cascade,attack,False,38.4,274.0,3.08
2026-03-07 10:34:00,34,database,0.2778,0.0601,0.0,0.85,31.68,normal,0.02,none,Auth Brute Force → Payment Cascade,attack,False,28.0,111.0,2.34
2026-03-07 10:35:00,35,frontend,0.2291,0.0469,0.6377,0.7,48.09,normal,0.02,none,Auth Brute Force → Payment Cascade,attack,False,20.1,167.0,2.59
2026-03-07 10:35:00,35,checkout_service,0.3571,0.0569,1.0,0.9,66.01,normal,0.02,none,Auth Brute Force → Payment Cascade,attack,False,38.4,169.0,2.39
2026-03-07 10:35:00,35,payment_service,0.2936,0.027,0.72,0.95,55.09,normal,0.02,none,Auth Brute Force → Payment Cascade,attack,False,29.0,145.0,2.81
2026-03-07 10:35:00,35,auth_service,0.8745,1.0,0.2154,0.85,100.0,185.220.101.45,0.92,Brute Force + Credential Stuffing,Auth Brute Force → Payment Cascade,attack,False,90.1,3498.0,47.57
2026-03-07 10:35:00,35,cart_service,0.3628,0.0516,0.2281,0.65,34.98,normal,0.02,none,Auth Brute Force → Payment Cascade,attack,False,38.3,172.0,3.32
2026-03-07 10:35:00,35,database,0.2338,0.0681,0.0,0.85,31.66,normal,0.02,none,Auth Brute Force → Payment Cascade,attack,False,20.3,233.0,1.71
2026-03-07 10:36:00,36,frontend,0.244,0.0698,0.6447,0.7,48.46,normal,0.02,none,Auth Brute Force → Payment Cascade,stable,False,23.0,183.0,1.34
2026-03-07 10:36:00,36,checkout_service,0.3002,0.0575,1.0,0.9,66.49,normal,0.02,none,Auth Brute Force → Payment Cascade,stable,False,30.0,219.0,1.27
2026-03-07 10:36:00,36,payment_service,0.271,0.0295,0.72,0.95,55.49,normal,0.02,none,Auth Brute Force → Payment Cascade,stable,False,24.2,280.0,1.82
2026-03-07 10:36:00,36,auth_service,0.2433,0.0233,0.2153,0.85,95.0,normal,0.02,none,Auth Brute Force → Payment Cascade,stable,False,20.7,194.0,3.26
2026-03-07 10:36:00,36,cart_service,0.3457,0.042,0.228,0.65,35.25,normal,0.02,none,Auth Brute Force → Payment Cascade,stable,False,35.5,191.0,3.1
2026-03-07 10:36:00,36,database,0.2873,0.0291,0.0,0.85,31.64,normal,0.02,none,Auth Brute Force → Payment Cascade,stable,False,28.0,212.0,1.62
2026-03-07 10:37:00,37,frontend,0.3656,0.0335,0.6495,0.7,49.03,normal,0.02,none,Auth Brute Force → Payment Cascade,stable,False,37.2,289.0,2.49
2026-03-07 10:37:00,37,checkout_service,0.3135,0.0278,1.0,0.9,66.85,normal,0.02,none,Auth Brute Force → Payment Cascade,stable,False,32.9,182.0,1.1
2026-03-07 10:37:00,37,payment_service,0.3301,0.0311,0.684,0.95,55.93,normal,0.02,none,Auth Brute Force → Payment Cascade,stable,False,34.3,232.0,1.11
2026-03-07 10:37:00,37,auth_service,0.262,0.0252,0.2152,0.85,90.47,normal,0.02,none,Auth Brute Force → Payment Cascade,stable,False,24.6,234.0,1.08
2026-03-07 10:37:00,37,cart_service,0.3451,0.0319,0.2278,0.65,35.45,normal,0.02,none,Auth Brute Force → Payment Cascade,stable,False,36.0,136.0,3.61
2026-03-07 10:37:00,37,database,0.2506,0.0628,0.0,0.85,31.66,normal,0.02,none,Auth Brute Force → Payment Cascade,stable,False,22.0,149.0,3.89
2026-03-07 10:38:00,38,frontend,0.3551,0.0302,0.6531,0.7,49.52,normal,0.02,none,Auth Brute Force → Payment Cascade,stable,False,36.6,179.0,3.67
2026-03-07 10:38:00,38,checkout_service,0.2775,0.0243,1.0,0.9,67.05,normal,0.02,none,Auth Brute Force → Payment Cascade,stable,False,25.9,279.0,1.05
2026-03-07 10:38:00,38,payment_service,0.2441,0.0492,0.6514,0.95,56.06,normal,0.02,none,Auth Brute Force → Payment Cascade,stable,False,24.2,105.0,1.73
2026-03-07 10:38:00,38,auth_service,0.318,0.0371,0.2153,0.85,86.52,normal,0.02,none,Auth Brute Force → Payment Cascade,stable,False,28.4,279.0,4.27
2026-03-07 10:38:00,38,cart_service,0.2743,0.0334,0.2279,0.65,35.43,normal,0.02,none,Auth Brute Force → Payment Cascade,stable,False,25.2,176.0,3.36
2026-03-07 10:38:00,38,database,0.3252,0.0418,0.0,0.85,31.81,normal,0.02,none,Auth Brute Force → Payment Cascade,stable,False,32.5,182.0,3.21
2026-03-07 10:39:00,39,frontend,0.3005,0.027,0.6544,0.7,49.8,normal,0.02,none,Auth Brute Force → Payment Cascade,stable,False,25.9,290.0,4.05
2026-03-07 10:39:00,39,checkout_service,0.3681,0.06,1.0,0.9,67.66,normal,0.02,none,Auth Brute Force → Payment Cascade,stable,False,37.4,197.0,4.58
2026-03-07 10:39:00,39,payment_service,0.2787,0.0471,0.6229,0.95,56.19,normal,0.02,none,Auth Brute Force → Payment Cascade,stable,False,28.5,104.0,2.07
2026-03-07 10:39:00,39,auth_service,0.311,0.0617,0.2163,0.85,82.97,normal,0.02,none,Auth Brute Force → Payment Cascade,stable,False,32.7,152.0,1.56
2026-03-07 10:39:00,39,cart_service,0.3654,0.0336,0.229,0.65,35.69,normal,0.02,none,Auth Brute Force → Payment Cascade,stable,False,39.7,205.0,1.69
2026-03-07 10:39:00,39,database,0.2404,0.0488,0.0,0.85,31.72,normal,0.02,none,Auth Brute Force → Payment Cascade,stable,False,20.4,283.0,1.47
2026-03-07 10:40:00,40,frontend,0.2833,0.0615,0.66,0.7,50.16,normal,0.02,none,Auth Brute Force → Payment Cascade,stable,False,25.5,211.0,3.61
2026-03-07 10:40:00,40,checkout_service,0.2421,0.065,1.0,0.9,67.87,normal,0.02,none,Auth Brute Force → Payment Cascade,stable,False,24.1,102.0,1.55
2026-03-07 10:40:00,40,payment_service,0.3641,0.0533,0.5974,0.95,56.51,normal,0.02,none,Auth Brute Force → Payment Cascade,stable,False,37.5,219.0,3.4
2026-03-07 10:40:00,40,auth_service,0.2727,0.0392,0.2157,0.85,79.49,normal,0.02,none,Auth Brute Force → Payment Cascade,stable,False,23.5,283.0,2.68
2026-03-07 10:40:00,40,cart_service,0.2899,0.0569,0.2284,0.65,35.8,normal,0.02,none,Auth Brute Force → Payment Cascade,stable,False,30.4,109.0,1.67
2026-03-07 10:40:00,40,database,0.2446,0.0395,0.0,0.85,31.61,normal,0.02,none,Auth Brute Force → Payment Cascade,stable,False,21.7,221.0,1.98
2026-03-07 10:41:00,41,frontend,0.2816,0.0349,0.662,0.7,50.39,normal,0.02,none,Auth Brute Force → Payment Cascade,stable,False,25.8,171.0,3.88
2026-03-07 10:41:00,41,checkout_service,0.3222,0.0668,1.0,0.9,68.31,normal,0.02,none,Auth Brute Force → Payment Cascade,stable,False,31.3,195.0,3.65
2026-03-07 10:41:00,41,payment_service,0.3205,0.0331,0.5723,0.95,56.52,normal,0.02,none,Auth Brute Force → Payment Cascade,stable,False,34.7,143.0,1.12
2026-03-07 10:41:00,41,auth_service,0.3099,0.0498,0.215,0.85,76.45,normal,0.02,none,Auth Brute Force → Payment Cascade,stable,False,31.9,110.0,2.99
2026-03-07 10:41:00,41,cart_service,0.2825,0.0238,0.2276,0.65,35.74,normal,0.02,none,Auth Brute Force → Payment Cascade,stable,False,26.7,254.0,1.43
2026-03-07 10:41:00,41,database,0.3449,0.0417,0.0,0.85,31.82,normal,0.02,none,Auth Brute Force → Payment Cascade,stable,False,34.6,199.0,3.75
2026-03-07 10:42:00,42,frontend,0.2911,0.0547,0.6646,0.7,50.71,normal,0.02,none,Auth Brute Force → Payment Cascade,recovery,True,24.9,264.0,4.2
2026-03-07 10:42:00,42,checkout_service,0.2756,0.0246,1.0,0.9,68.39,normal,0.02,none,Auth Brute Force → Payment Cascade,recovery,True,25.4,218.0,2.44
2026-03-07 10:42:00,42,payment_service,0.3668,0.0423,0.5504,0.95,50.39,normal,0.02,none,Auth Brute Force → Payment Cascade,recovery,True,38.3,127.0,4.8
2026-03-07 10:42:00,42,auth_service,0.2765,0.0566,0.2164,0.85,64.83,normal,0.02,none,Auth Brute Force → Payment Cascade,recovery,True,23.7,208.0,4.49
2026-03-07 10:42:00,42,cart_service,0.3594,0.0625,0.2291,0.65,36.08,normal,0.02,none,Auth Brute Force → Payment Cascade,recovery,True,36.1,232.0,3.77
2026-03-07 10:42:00,42,database,0.2653,0.0694,0.0,0.85,31.89,normal,0.02,none,Auth Brute Force → Payment Cascade,recovery,True,25.0,198.0,1.88
2026-03-07 10:43:00,43,frontend,0.3615,0.0663,0.6671,0.7,51.28,normal,0.02,none,Auth Brute Force → Payment Cascade,recovery,True,38.9,108.0,3.82
2026-03-07 10:43:00,43,checkout_service,0.2778,0.0217,0.9768,0.9,68.4,normal,0.02,none,Auth Brute Force → Payment Cascade,recovery,True,23.6,214.0,4.66
2026-03-07 10:43:00,43,payment_service,0.3419,0.0686,0.4667,0.95,44.53,normal,0.02,none,Auth Brute Force → Payment Cascade,recovery,True,33.9,159.0,4.7
2026-03-07 10:43:00,43,auth_service,0.3764,0.0622,0.2169,0.85,54.46,normal,0.02,none,Auth Brute Force → Payment Cascade,recovery,True,38.9,195.0,4.45
2026-03-07 10:43:00,43,cart_service,0.28,0.0498,0.2296,0.65,36.1,normal,0.02,none,Auth Brute Force → Payment Cascade,recovery,True,26.4,266.0,1.15
2026-03-07 10:43:00,43,database,0.2472,0.0548,0.0,0.85,31.84,normal,0.02,none,Auth Brute Force → Payment Cascade,recovery,True,24.6,124.0,1.31
2026-03-07 10:44:00,44,frontend,0.2808,0.0358,0.6673,0.7,51.43,normal,0.02,none,Auth Brute Force → Payment Cascade,recovery,True,26.8,245.0,1.26
2026-03-07 10:44:00,44,checkout_service,0.3177,0.0513,0.8744,0.9,68.34,normal,0.02,none,Auth Brute Force → Payment Cascade,recovery,True,30.8,258.0,2.28
2026-03-07 10:44:00,44,payment_service,0.3567,0.0212,0.3921,0.95,38.76,normal,0.02,none,Auth Brute Force → Payment Cascade,recovery,True,37.7,223.0,1.93
2026-03-07 10:44:00,44,auth_service,0.3559,0.0464,0.2165,0.85,44.8,normal,0.02,none,Auth Brute Force → Payment Cascade,recovery,True,37.4,104.0,4.5
2026-03-07 10:44:00,44,cart_service,0.3872,0.0375,0.2293,0.65,36.39,normal,0.02,none,Auth Brute Force → Payment Cascade,recovery,True,38.8,260.0,4.99
2026-03-07 10:44:00,44,database,0.3421,0.0514,0.0,0.85,32.07,normal,0.02,none,Auth Brute Force → Payment Cascade,recovery,True,35.3,180.0,2.92
2026-03-07 10:45:00,45,frontend,0.378,0.0409,0.6685,0.7,51.89,normal,0.02,none,Auth Brute Force → Payment Cascade,recovery,True,37.5,297.0,4.07
2026-03-07 10:45:00,45,checkout_service,0.2977,0.0255,0.7783,0.9,67.83,normal,0.02,none,Auth Brute Force → Payment Cascade,recovery,True,28.4,248.0,1.96
2026-03-07 10:45:00,45,payment_service,0.2769,0.0317,0.3225,0.95,33.05,normal,0.02,none,Auth Brute Force → Payment Cascade,recovery,True,27.1,157.0,2.19
2026-03-07 10:45:00,45,auth_service,0.2432,0.0414,0.2181,0.85,35.55,normal,0.02,none,Auth Brute Force → Payment Cascade,recovery,True,20.8,104.0,4.95
2026-03-07 10:45:00,45,cart_service,0.2902,0.0675,0.2309,0.65,36.49,normal,0.02,none,Auth Brute Force → Payment Cascade,recovery,True,27.7,236.0,1.87
2026-03-07 10:45:00,45,database,0.3347,0.064,0.0,0.85,32.31,normal,0.02,none,Auth Brute Force → Payment Cascade,recovery,True,35.7,118.0,2.67
2026-03-07 10:46:00,46,frontend,0.3701,0.0284,0.6656,0.7,52.22,normal,0.02,none,Auth Brute Force → Payment Cascade,recovery,True,38.9,193.0,3.45
2026-03-07 10:46:00,46,checkout_service,0.3782,0.0525,0.6838,0.9,67.43,normal,0.02,none,Auth Brute Force → Payment Cascade,recovery,True,39.8,146.0,4.77
2026-03-07 10:46:00,46,payment_service,0.317,0.0288,0.256,0.95,27.71,normal,0.02,none,Auth Brute Force → Payment Cascade,recovery,True,32.2,203.0,1.92
2026-03-07 10:46:00,46,auth_service,0.2686,0.0375,0.2197,0.85,27.11,normal,0.02,none,Auth Brute Force → Payment Cascade,recovery,True,24.4,137.0,4.12
2026-03-07 10:46:00,46,cart_service,0.2707,0.0664,0.2326,0.65,36.53,normal,0.02,none,Auth Brute Force → Payment Cascade,recovery,True,21.2,294.0,4.54
2026-03-07 10:46:00,46,database,0.3635,0.0579,0.0,0.85,32.59,normal,0.02,none,Auth Brute Force → Payment Cascade,recovery,True,39.9,135.0,2.58
2026-03-07 10:47:00,47,frontend,0.335,0.0312,0.6631,0.7,52.43,normal,0.02,none,Auth Brute Force → Payment Cascade,recovery,True,33.9,131.0,4.26
2026-03-07 10:47:00,47,checkout_service,0.2738,0.049,0.5962,0.9,66.47,normal,0.02,none,Auth Brute Force → Payment Cascade,recovery,True,24.5,207.0,3.37
2026-03-07 10:47:00,47,payment_service,0.2547,0.0265,0.1952,0.95,22.41,normal,0.02,none,Auth Brute Force → Payment Cascade,recovery,True,21.8,275.0,2.06
2026-03-07 10:47:00,47,auth_service,0.3815,0.0605,0.2216,0.85,19.78,normal,0.02,none,Auth Brute Force → Payment Cascade,recovery,True,37.8,291.0,4.45
2026-03-07 10:47:00,47,cart_service,0.3206,0.0404,0.2346,0.65,36.62,normal,0.02,none,Auth Brute Force → Payment Cascade,recovery,True,33.1,210.0,1.35
2026-03-07 10:47:00,47,database,0.291,0.0448,0.0,0.85,32.57,normal,0.02,none,Auth Brute Force → Payment Cascade,recovery,True,27.5,152.0,3.89
2026-03-07 10:48:00,48,frontend,0.246,0.0238,0.657,0.7,52.3,normal,0.02,none,Auth Brute Force → Payment Cascade,recovery,True,21.6,144.0,3.73
2026-03-07 10:48:00,48,checkout_service,0.3555,0.0496,0.5155,0.9,65.59,normal,0.02,none,Auth Brute Force → Payment Cascade,recovery,True,37.0,199.0,2.92
2026-03-07 10:48:00,48,payment_service,0.3534,0.0483,0.1424,0.95,17.77,normal,0.02,none,Auth Brute Force → Payment Cascade,recovery,True,36.5,170.0,3.71
2026-03-07 10:48:00,48,auth_service,0.2956,0.0529,0.2215,0.85,12.75,normal,0.02,none,Auth Brute Force → Payment Cascade,recovery,True,25.3,276.0,4.19
2026-03-07 10:48:00,48,cart_service,0.3707,0.0619,0.2345,0.65,36.93,normal,0.02,none,Auth Brute Force → Payment Cascade,recovery,True,37.0,273.0,3.83
2026-03-07 10:48:00,48,database,0.3439,0.0576,0.0,0.85,32.77,normal,0.02,none,Auth Brute Force → Payment Cascade,recovery,True,33.9,236.0,3.47
2026-03-07 10:49:00,49,frontend,0.2824,0.0215,0.6528,0.7,52.28,normal,0.02,none,Auth Brute Force → Payment Cascade,recovery,True,23.2,276.0,4.49
2026-03-07 10:49:00,49,checkout_service,0.3388,0.0572,0.4428,0.9,64.55,normal,0.02,none,Auth Brute Force → Payment Cascade,recovery,True,36.5,126.0,2.34
2026-03-07 10:49:00,49,payment_service,0.2797,0.0454,0.0918,0.95,13.11,normal,0.02,none,Auth Brute Force → Payment Cascade,recovery,True,23.2,264.0,4.33
2026-03-07 10:49:00,49,auth_service,0.2347,0.0691,0.2228,0.85,8.0,normal,0.02,none,Auth Brute Force → Payment Cascade,recovery,True,20.1,157.0,3.47
2026-03-07 10:49:00,49,cart_service,0.3244,0.047,0.2359,0.65,37.03,normal,0.02,none,Auth Brute Force → Payment Cascade,recovery,True,32.6,152.0,3.54
2026-03-07 10:49:00,49,database,0.3434,0.0471,0.0,0.85,32.9,normal,0.02,none,Auth Brute Force → Payment Cascade,recovery,True,35.6,121.0,4.04
2026-03-07 10:50:00,50,frontend,0.3697,0.0666,0.6463,0.7,52.68,normal,0.02,none,Auth Brute Force → Payment Cascade,recovery,True,39.3,168.0,3.53
2026-03-07 10:50:00,50,checkout_service,0.2706,0.0234,0.3814,0.9,63.06,normal,0.02,none,Auth Brute Force → Payment Cascade,recovery,True,22.1,287.0,3.75
2026-03-07 10:50:00,50,payment_service,0.2747,0.0491,0.0576,0.95,8.73,normal,0.02,none,Auth Brute Force → Payment Cascade,recovery,True,26.0,242.0,1.27
2026-03-07 10:50:00,50,auth_service,0.2781,0.0636,0.2237,0.85,8.0,normal,0.02,none,Auth Brute Force → Payment Cascade,recovery,True,26.9,224.0,1.18
2026-03-07 10:50:00,50,cart_service,0.3895,0.0265,0.2369,0.65,37.22,normal,0.02,none,Auth Brute Force → Payment Cascade,recovery,True,39.5,294.0,4.0
2026-03-07 10:50:00,50,database,0.3185,0.0362,0.0,0.85,32.91,normal,0.02,none,Auth Brute Force → Payment Cascade,recovery,True,35.2,105.0,1.09
2026-03-07 10:51:00,51,frontend,0.3201,0.0423,0.6373,0.7,52.78,normal,0.02,none,Auth Brute Force → Payment Cascade,recovery,True,29.8,254.0,3.73
2026-03-07 10:51:00,51,checkout_service,0.2894,0.0426,0.3494,0.9,61.73,normal,0.02,none,Auth Brute Force → Payment Cascade,recovery,True,25.5,299.0,2.7
2026-03-07 10:51:00,51,payment_service,0.2755,0.031,0.0576,0.95,8.0,normal,0.02,none,Auth Brute Force → Payment Cascade,recovery,True,23.3,259.0,3.77
2026-03-07 10:51:00,51,auth_service,0.2591,0.0337,0.2238,0.85,8.0,normal,0.02,none,Auth Brute Force → Payment Cascade,recovery,True,21.6,236.0,3.62
2026-03-07 10:51:00,51,cart_service,0.3582,0.0672,0.2369,0.65,37.48,normal,0.02,none,Auth Brute Force → Payment Cascade,recovery,True,39.0,130.0,2.73
2026-03-07 10:51:00,51,database,0.2991,0.0337,0.0,0.85,32.85,normal,0.02,none,Auth Brute Force → Payment Cascade,recovery,True,28.4,228.0,2.59
2026-03-07 10:52:00,52,frontend,0.3806,0.0315,0.6297,0.7,52.98,normal,0.02,none,Auth Brute Force → Payment Cascade,recovery,True,39.7,182.0,4.58
2026-03-07 10:52:00,52,checkout_service,0.2591,0.0384,0.3455,0.9,60.39,normal,0.02,none,Auth Brute Force → Payment Cascade,recovery,True,24.3,106.0,3.61
2026-03-07 10:52:00,52,payment_service,0.369,0.0293,0.0576,0.95,8.0,normal,0.02,none,Auth Brute Force → Payment Cascade,recovery,True,37.3,195.0,4.87
2026-03-07 10:52:00,52,auth_service,0.3723,0.0622,0.2233,0.85,8.0,normal,0.02,none,Auth Brute Force → Payment Cascade,recovery,True,37.4,255.0,4.08
2026-03-07 10:52:00,52,cart_service,0.338,0.0216,0.2365,0.65,37.47,normal,0.02,none,Auth Brute Force → Payment Cascade,recovery,True,35.2,225.0,1.52
2026-03-07 10:52:00,52,database,0.3754,0.0441,0.0,0.85,33.06,normal,0.02,none,Auth Brute Force → Payment Cascade,recovery,True,38.4,223.0,4.19
2026-03-07 10:53:00,53,frontend,0.2487,0.0415,0.6205,0.7,52.78,normal,0.02,none,Auth Brute Force → Payment Cascade,recovery,True,22.3,125.0,3.74
2026-03-07 10:53:00,53,checkout_service,0.2535,0.0491,0.3454,0.9,59.18,normal,0.02,none,Auth Brute Force → Payment Cascade,recovery,True,24.0,198.0,1.26
2026-03-07 10:53:00,53,payment_service,0.2797,0.0428,0.0576,0.95,8.0,normal,0.02,none,Auth Brute Force → Payment Cascade,recovery,True,25.4,260.0,2.24
2026-03-07 10:53:00,53,auth_service,0.2219,0.044,0.2248,0.85,8.0,normal,0.02,none,Auth Brute Force → Payment Cascade,recovery,True,20.2,114.0,2.57
2026-03-07 10:53:00,53,cart_service,0.3226,0.063,0.238,0.65,37.59,normal,0.02,none,Auth Brute Force → Payment Cascade,recovery,True,32.0,158.0,3.78
2026-03-07 10:53:00,53,database,0.3342,0.0252,0.0,0.85,33.05,normal,0.02,none,Auth Brute Force → Payment Cascade,recovery,True,35.6,108.0,2.92
2026-03-07 10:54:00,54,frontend,0.2764,0.0449,0.6129,0.7,52.68,normal,0.02,none,Auth Brute Force → Payment Cascade,recovery,True,24.8,297.0,1.57
2026-03-07 10:54:00,54,checkout_service,0.3324,0.0205,0.3462,0.9,58.19,normal,0.02,none,Auth Brute Force → Payment Cascade,recovery,True,32.4,240.0,3.24
2026-03-07 10:54:00,54,payment_service,0.2735,0.0375,0.0576,0.95,8.0,normal,0.02,none,Auth Brute Force → Payment Cascade,recovery,True,26.5,204.0,1.35
2026-03-07 10:54:00,54,auth_service,0.2256,0.0266,0.2248,0.85,8.0,normal,0.02,none,Auth Brute Force → Payment Cascade,recovery,True,20.7,116.0,2.59
2026-03-07 10:54:00,54,cart_service,0.3318,0.03,0.238,0.65,37.59,normal,0.02,none,Auth Brute Force → Payment Cascade,recovery,True,31.4,238.0,4.2
2026-03-07 10:54:00,54,database,0.2541,0.0553,0.0,0.85,32.93,normal,0.02,none,Auth Brute Force → Payment Cascade,recovery,True,23.3,121.0,3.55
2026-03-07 10:55:00,55,frontend,0.2411,0.0471,0.6062,0.7,52.46,normal,0.02,none,Auth Brute Force → Payment Cascade,recovery,True,20.6,287.0,1.21
2026-03-07 10:55:00,55,checkout_service,0.3529,0.0601,0.3462,0.9,57.5,normal,0.02,none,Auth Brute Force → Payment Cascade,recovery,True,34.2,274.0,3.86
2026-03-07 10:55:00,55,payment_service,0.2837,0.0647,0.0576,0.95,8.0,normal,0.02,none,Auth Brute Force → Payment Cascade,recovery,True,26.8,263.0,1.32
2026-03-07 10:55:00,55,auth_service,0.3231,0.0522,0.2239,0.85,8.0,normal,0.02,none,Auth Brute Force → Payment Cascade,recovery,True,31.0,263.0,2.81
2026-03-07 10:55:00,55,cart_service,0.3078,0.023,0.2371,0.65,37.48,normal,0.02,none,Auth Brute Force → Payment Cascade,recovery,True,30.5,246.0,1.33
2026-03-07 10:55:00,55,database,0.2743,0.031,0.0,0.85,32.78,normal,0.02,none,Auth Brute Force → Payment Cascade,recovery,True,24.9,132.0,4.49
2026-03-07 10:56:00,56,frontend,0.3598,0.0595,0.6009,0.7,52.66,normal,0.02,none,Auth Brute Force → Payment Cascade,recovery,True,39.5,167.0,1.73
2026-03-07 10:56:00,56,checkout_service,0.3323,0.056,0.3455,0.9,56.79,normal,0.02,none,Auth Brute Force → Payment Cascade,recovery,True,33.2,200.0,3.22
2026-03-07 10:56:00,56,payment_service,0.2985,0.0525,0.0576,0.95,8.0,normal,0.02,none,Auth Brute Force → Payment Cascade,recovery,True,24.6,299.0,4.9
2026-03-07 10:56:00,56,auth_service,0.2592,0.0215,0.2229,0.85,8.0,normal,0.02,none,Auth Brute Force → Payment Cascade,recovery,True,24.0,236.0,1.29
2026-03-07 10:56:00,56,cart_service,0.2845,0.0564,0.236,0.65,37.45,normal,0.02,none,Auth Brute Force → Payment Cascade,recovery,True,25.2,193.0,4.47
2026-03-07 10:56:00,56,database,0.336,0.0386,0.0,0.85,32.86,normal,0.02,none,Auth Brute Force → Payment Cascade,recovery,True,34.9,185.0,2.38
2026-03-07 10:57:00,57,frontend,0.3711,0.0489,0.5959,0.7,52.81,normal,0.02,none,Auth Brute Force → Payment Cascade,recovery,True,39.8,108.0,4.47
2026-03-07 10:57:00,57,checkout_service,0.3066,0.0637,0.3453,0.9,56.09,normal,0.02,none,Auth Brute Force → Payment Cascade,recovery,True,28.8,245.0,2.95
2026-03-07 10:57:00,57,payment_service,0.3547,0.0496,0.0576,0.95,8.0,normal,0.02,none,Auth Brute Force → Payment Cascade,recovery,True,38.0,184.0,2.11
2026-03-07 10:57:00,57,auth_service,0.3597,0.0516,0.2234,0.85,8.0,normal,0.02,none,Auth Brute Force → Payment Cascade,recovery,True,38.2,142.0,3.49
2026-03-07 10:57:00,57,cart_service,0.3367,0.0655,0.2366,0.65,37.62,normal,0.02,none,Auth Brute Force → Payment Cascade,recovery,True,34.7,126.0,3.86
2026-03-07 10:57:00,57,database,0.2697,0.029,0.0,0.85,32.69,normal,0.02,none,Auth Brute Force → Payment Cascade,recovery,True,23.6,148.0,4.89
2026-03-07 10:58:00,58,frontend,0.3498,0.0635,0.5921,0.7,52.94,normal,0.02,none,Auth Brute Force → Payment Cascade,recovery,True,37.1,198.0,1.99
2026-03-07 10:58:00,58,checkout_service,0.2981,0.0496,0.3464,0.9,55.36,normal,0.02,none,Auth Brute Force → Payment Cascade,recovery,True,28.9,203.0,2.44
2026-03-07 10:58:00,58,payment_service,0.2718,0.0329,0.0576,0.95,8.0,normal,0.02,none,Auth Brute Force → Payment Cascade,recovery,True,23.3,178.0,4.88
2026-03-07 10:58:00,58,auth_service,0.3332,0.0265,0.2223,0.85,8.0,normal,0.02,none,Auth Brute Force → Payment Cascade,recovery,True,33.1,165.0,4.09
2026-03-07 10:58:00,58,cart_service,0.3634,0.0237,0.2354,0.65,37.68,normal,0.02,none,Auth Brute Force → Payment Cascade,recovery,True,39.4,191.0,1.94
2026-03-07 10:58:00,58,database,0.2579,0.0614,0.0,0.85,32.64,normal,0.02,none,Auth Brute Force → Payment Cascade,recovery,True,23.4,204.0,2.35
2026-03-07 10:59:00,59,frontend,0.2959,0.0553,0.5875,0.7,52.85,normal,0.02,none,Auth Brute Force → Payment Cascade,recovery,True,28.6,150.0,3.47
2026-03-07 10:59:00,59,checkout_service,0.2378,0.0568,0.3467,0.9,54.55,normal,0.02,none,Auth Brute Force → Payment Cascade,recovery,True,23.3,134.0,1.15
2026-03-07 10:59:00,59,payment_service,0.34,0.0603,0.0576,0.95,8.0,normal,0.02,none,Auth Brute Force → Payment Cascade,recovery,True,33.3,195.0,4.38
2026-03-07 10:59:00,59,auth_service,0.323,0.0256,0.2219,0.85,8.0,normal,0.02,none,Auth Brute Force → Payment Cascade,recovery,True,31.7,274.0,1.82
2026-03-07 10:59:00,59,cart_service,0.2647,0.0668,0.235,0.65,37.61,normal,0.02,none,Auth Brute Force → Payment Cascade,recovery,True,25.4,111.0,3.12
2026-03-07 10:59:00,59,database,0.2296,0.0667,0.0,0.85,32.53,normal,0.02,none,Auth Brute Force → Payment Cascade,recovery,True,20.8,124.0,2.81
